{"batch_loss": 0.036792557686567307, "_timestamp": 1733623743.8203318, "_runtime": 302.9629828929901, "_step": 5011, "epoch_loss": 0.3365717029102525, "holdout_accuracy": 0.704, "evaluation_results": {"_type": "table-file", "sha256": "17510baa9d995ccc5bf168ee7a3fa9707a38e0ee2970509c7e51806c52ec8e67", "size": 44076, "artifact_path": "wandb-client-artifact://n46wkz9pifwzy29e35agz4eolsiuwxp7t60y9gv381ixhn9tqjfjk0luuzl41rf1alt2upf4xs2yt78jh4r9qfpclkx06g62tbf6s9keez3n4utm2tyudsa7ukeupths/evaluation_results.table.json", "_latest_artifact_path": "wandb-client-artifact://0smbt317b7obrzqeio38wfxyms5h51d6oxfy9fgel9nfmuxys9e8z0mssvg69w1nen3fkk2w39vtl0qexv35qlhu9qhlbxmfaq4lurb29w5hjqw8d9d4nz9qdgs3wu23:latest/evaluation_results.table.json", "path": "media/table/evaluation_results_5011_17510baa9d995ccc5bf1.table.json", "ncols": 3, "nrows": 125}, "_wandb": {"runtime": 302}}