{"loss": 0.7905352115631104, "_timestamp": 1733582873.6265945, "_runtime": 1218.4843544960022, "_step": 501, "holdout_accuracy": 946766.822}