{"loss": 0.7488332986831665, "_timestamp": 1733612111.6769364, "_runtime": 1735.3125083446503, "_step": 501, "holdout_accuracy": 0.59, "_wandb": {"runtime": 66}}